rw,agatwi,09,-1.8847222,30.0686111
rw,astrida,01,-2.5972222,29.7388889
rw,banda,03,-2.4333333,29.1833333
rw,bandazi,09,-1.9333333,30.2333333
rw,basa,05,-1.6833333,29.35
rw,bganga,02,-1.45,30.4333333
rw,bibale,02,-1.4666667,30.2333333
rw,bicumbi,09,-1.9966667,30.3497222
rw,bigutu,03,-2.4833333,28.9833333
rw,biguzi,03,-2.4333333,28.9666667
rw,bihe,05,-1.6333333,29.3666667
rw,bihembe,09,-2.0666667,30.2833333
rw,bilembo,05,-1.6833333,29.5166667
rw,binana,05,-1.75,29.6333333
rw,birenga,07,-2.1816667,30.5325
rw,biru,03,-2.5411111,28.9186111
rw,bisaga,10,-1.4833333,29.85
rw,bishyiga,04,-2.4333333,29.45
rw,bitare,01,-2.6833333,29.65
rw,bitare,03,-2.4,29.05
rw,biumba,02,-1.5775,30.0625
rw,buberuka,10,-1.4883333,29.8352778
rw,budaya,05,-1.75,29.3166667
rw,bugali,01,-2.4333333,29.8833333
rw,bugaragara,02,-1.5502778,30.0411111
rw,bugaragara,09,-1.9166667,29.9666667
rw,bugarama,03,-2.6469444,29.0094444
rw,bugarura,09,-1.7502778,30.3327778
rw,bugesera,09,-2.1455556,30.0913889
rw,bugindi,02,-1.4833333,29.9333333
rw,bugobagoba,06,-2.0166667,29.8833333
rw,bugoya,07,-1.6833333,30.5
rw,bugu,05,-1.6333333,29.3
rw,buguma,02,-1.45,30.1833333
rw,bugungu,03,-2.4333333,28.9833333
rw,buhimba,01,-2.4333333,29.7666667
rw,buhokoro,03,-2.3333333,29.0166667
rw,buhongo,05,-1.8833333,29.3
rw,buhoro,05,-1.9,29.3
rw,buhuga,10,-1.6166667,29.7333333
rw,buhungwe,05,-1.5833333,29.3833333
rw,bukamba,02,-1.3875,30.2575
rw,bukaragata,10,-1.45,29.8833333
rw,bukekele,02,-1.3333333,30.2833333
rw,bukondjo,05,-1.6,29.3166667
rw,bulega,09,-1.7333333,30.0333333
rw,bulenga,02,-1.6833333,30.05
rw,bulengera,05,-1.595,29.32
rw,bulimba,09,-1.7333333,29.85
rw,bulinga,06,-1.9977778,29.6972222
rw,bumazi,03,-2.45,29.0
rw,bumbogo,09,-1.7130556,29.8530556
rw,bunga,01,-2.7,29.65
rw,bungeshi mukuru,05,-1.5422222,29.3830556
rw,bunyambilili,04,-2.3283333,29.5302778
rw,bunyereri,03,-2.5833333,29.0333333
rw,burama,01,-2.3166667,29.8166667
rw,burega,10,-1.6666667,29.7
rw,burenga,02,-1.6491667,30.0313889
rw,burere,05,-1.6333333,29.3166667
rw,busekera,03,-2.6,28.9166667
rw,bushara,02,-1.3333333,30.1666667
rw,bushenyi,09,-1.9508333,30.3952778
rw,bushiga,02,-1.6666667,29.9333333
rw,bushingamohetu,02,-1.55,29.95
rw,bushoka,10,-1.5833333,29.7333333
rw,butale,09,-1.8666667,30.1
rw,butambamo,03,-2.65,28.95
rw,butambara,03,-2.3333333,29.0872222
rw,butambwe,10,-1.7,29.6666667
rw,butamwa,09,-2.0266667,30.0258333
rw,butandi,10,-1.4833333,29.9
rw,butare,01,-2.5966667,29.7394444
rw,butaro,10,-1.4,29.8333333
rw,butete,10,-1.3791667,29.7358333
rw,butezi,05,-1.8833333,29.6166667
rw,butozo,02,-1.4666667,30.05
rw,buvali,02,-1.1666667,30.3166667
rw,buvumu,01,-2.6833333,29.7333333
rw,buyanga,10,-1.4166667,29.8166667
rw,buyenzi,04,-2.7177778,29.5344444
rw,buyoga,02,-1.69,30.0136111
rw,buzigi,02,-1.7,29.95
rw,bwakira,08,-2.1575,29.5497222
rw,bweya,02,-1.2666667,30.2666667
rw,bwisha,10,-1.65,29.7333333
rw,bwishya,02,-1.4166667,30.1166667
rw,bwisige,02,-1.5761111,30.1555556
rw,churusi,01,-2.4666667,29.85
rw,chyugi,05,-1.7,29.55
rw,chyuna,01,-2.7,29.6
rw,colline bukamba,02,-1.7166667,30.0
rw,colline cyabingo,10,-1.5786111,29.6888889
rw,colline cyamuti,03,-2.3166667,29.0166667
rw,colline cyarwa,01,-2.6280556,29.7519444
rw,colline cyato,03,-2.55,28.9333333
rw,colline cyete,03,-2.5333333,28.8833333
rw,colline cyibumba,01,-2.4,29.9666667
rw,colline cyigaro,04,-2.3833333,29.5
rw,colline cyimbande,04,-2.2833333,29.5333333
rw,colline cyimpundu,03,-2.2833333,29.2166667
rw,colline cyiya,08,-2.2677778,29.2652778
rw,colline cyotomakara,01,-2.4,29.85
rw,colline cyumba,06,-2.2833333,29.6833333
rw,colline cyuve,10,-1.4833333,29.65
rw,colline gabiro,03,-2.4166667,29.0333333
rw,colline gafuba,03,-2.3666667,29.0166667
rw,colline gafunza,03,-2.3927778,29.0044444
rw,colline gahanga,10,-1.6494444,29.6355556
rw,colline gahondo,01,-2.3666667,29.7666667
rw,colline gakenke,10,-1.65,29.6833333
rw,colline gako,10,-1.6833333,29.7833333
rw,colline gakoma,05,-1.7,29.6333333
rw,colline gakoni,03,-2.6166667,29.0166667
rw,colline gakoro,10,-1.45,29.7
rw,colline gangura,05,-1.6333333,29.4
rw,colline garama,02,-1.5447222,30.2422222
rw,colline gasabo,09,-1.8,30.1333333
rw,colline gasagara,09,-1.85,30.2
rw,colline gasaka,04,-2.4833333,29.5166667
rw,colline gasambu,03,-2.55,28.9
rw,colline gasambya,02,-1.5,30.1
rw,colline gasana,02,-1.3166667,30.35
rw,colline gasanze,10,-1.5,29.6666667
rw,colline gasasa,05,-1.7166667,29.5666667
rw,colline gashaki,10,-1.55,29.75
rw,colline gashenye,10,-1.65,29.8333333
rw,colline gasheshe,02,-1.3333333,30.3833333
rw,colline gashinia,09,-1.7166667,30.1833333
rw,colline gashoba,09,-2.2075,30.2436111
rw,colline gashonga,03,-2.6,28.95
rw,colline gasura,09,-1.85,30.1
rw,colline gatatara,05,-1.65,29.45
rw,colline gatete,01,-2.75,29.7666667
rw,colline gatete,09,-1.6666667,29.8833333
rw,colline gatete,10,-1.4333333,29.65
rw,colline gatonde,01,-2.3833333,29.85
rw,colline gatovu,10,-1.6086111,29.5630556
rw,colline gatsilima,02,-1.4166667,30.1333333
rw,colline gazinga,02,-1.2,30.3666667
rw,colline gicuba,10,-1.5755556,29.8680556
rw,colline gihango,03,-2.5166667,28.9
rw,colline gihe,05,-1.85,29.6333333
rw,colline giheke,03,-2.4666667,28.9666667
rw,colline giheta,10,-1.4833333,29.7
rw,colline gihinga,03,-2.45,29.0166667
rw,colline gihora,10,-1.4666667,29.6
rw,colline gikondo,09,-1.9833333,30.0666667
rw,colline gisa,05,-1.6833333,29.2666667
rw,colline gisagara,03,-2.6,28.9
rw,colline gisanze,01,-2.6,29.8
rw,colline gisayura,01,-2.4166667,29.9
rw,colline giseke,04,-2.6,29.5166667
rw,colline gishike,01,-2.3833333,29.75
rw,colline gishute,09,-1.9,30.2
rw,colline gisodzi,09,-1.7833333,29.8833333
rw,colline gisongwe,03,-2.6833333,28.9833333
rw,colline gisozi,10,-1.6333333,29.8
rw,colline gitaba,02,-1.6980556,29.9283333
rw,colline gitambi,03,-2.5833333,28.9833333
rw,colline gitambi,09,-1.7833333,30.1166667
rw,colline gitandi,02,-1.6,29.9333333
rw,colline gitare,02,-1.5947222,29.9422222
rw,colline gitare,10,-1.4,29.75
rw,colline gitega,05,-1.8,29.5833333
rw,colline gitenga,02,-1.4,30.1333333
rw,colline gitenge,10,-1.6666667,29.8
rw,colline gitongati,06,-2.0666667,29.7333333
rw,colline gitongo,03,-2.3166667,29.15
rw,colline gitovu,01,-2.4,29.8
rw,colline gitovu,02,-1.5833333,29.9166667
rw,colline gitovu,09,-1.75,29.8833333
rw,colline gitovu,10,-1.6166667,29.7833333
rw,colline gitshatsha,09,-1.8966667,30.2386111
rw,colline gitsimba,09,-1.6833333,30.3833333
rw,colline gitsuba,09,-1.8666667,29.9333333
rw,colline gituza,02,-1.6013889,30.2844444
rw,colline gitwa,05,-1.7833333,29.3166667
rw,colline gitwe,10,-1.5166667,29.8
rw,colline gombaniro,03,-2.7166667,29.0333333
rw,colline gorora,02,-1.75,30.3833333
rw,colline gosenyi,05,-1.7027778,29.2563889
rw,colline guhengeri,05,-1.7333333,29.5333333
rw,colline isenga,09,-2.4166667,30.1166667
rw,colline ityazo,03,-2.3333333,29.1166667
rw,colline janjagiro,09,-1.8666667,30.3
rw,colline jenda,06,-2.1666667,29.95
rw,colline jomba,10,-1.5833333,29.7166667
rw,colline kabale,02,-1.5833333,30.3166667
rw,colline kabalele,02,-1.6166667,30.35
rw,colline kabanda,06,-2.0666667,29.7
rw,colline kabilizi,02,-1.3833333,30.3166667
rw,colline kabingo,10,-1.7,29.65
rw,colline kabira,02,-1.4833333,30.3166667
rw,colline kabirizi,05,-1.7,29.2833333
rw,colline kabongoya,02,-1.5,30.1333333
rw,colline kaboza,03,-2.5666667,28.9666667
rw,colline kabuga,06,-2.2,29.6666667
rw,colline kabuga,09,-1.9666667,30.2166667
rw,colline kabutembo,03,-2.4166667,28.9166667
rw,colline kabyaza,10,-1.4166667,29.85
rw,colline kadjumo,02,-1.4,30.35
rw,colline kagabo,02,-1.3833333,30.35
rw,colline kagasa,09,-2.2666667,30.2
rw,colline kagunga,01,-2.4333333,29.8666667
rw,colline kagunga,03,-2.2833333,29.2333333
rw,colline kakole,02,-1.0666667,30.4166667
rw,colline kakute,02,-1.4666667,30.2833333
rw,colline kalembule,09,-2.0166667,30.0833333
rw,colline kalengera,03,-2.5230556,29.0358333
rw,colline kamabara,02,-1.6166667,30.2333333
rw,colline kambogo,03,-2.6333333,29.0166667
rw,colline kamushuri,02,-1.4333333,30.05
rw,colline kanama,05,-1.6997222,29.3463889
rw,colline kangoma,02,-1.2833333,30.25
rw,colline kangwandi,05,-1.7333333,29.3166667
rw,colline kanogo,05,-1.9,29.6166667
rw,colline kanombe,09,-1.9747222,30.1613889
rw,colline kanyoni,09,-1.7833333,30.0333333
rw,colline kanzanza,05,-1.6333333,29.3833333
rw,colline kanzenze,09,-2.1511111,30.0952778
rw,colline karagari,02,-1.7961111,30.1919444
rw,colline karama,01,-2.6130556,29.6377778
rw,colline karama,02,-1.6666667,29.9166667
rw,colline karama,04,-2.4325,29.6044444
rw,colline karambo,09,-1.7666667,30.0333333
rw,colline karambo,10,-1.6333333,29.8333333
rw,colline karandarye,05,-1.65,29.5
rw,colline karizinge,09,-2.2333333,30.25
rw,colline karotshyo,09,-2.35,30.25
rw,colline kataretare,05,-1.8333333,29.3666667
rw,colline katshuriro,09,-1.9333333,30.0833333
rw,colline kavumu,06,-2.2166667,29.6166667
rw,colline kayanga,09,-1.8333333,30.1833333
rw,colline kayenzi,09,-2.1333333,30.0666667
rw,colline kayovu,09,-2.2666667,30.2666667
rw,colline kazo,07,-2.2,30.5
rw,colline kendale,02,-1.1833333,30.4
rw,colline kibadirwa,04,-2.3666667,29.45
rw,colline kibagabaga,09,-1.9333333,30.1166667
rw,colline kibali,02,-1.5819444,30.0466667
rw,colline kibangu,01,-2.7141667,29.65
rw,colline kibanza,06,-1.9666667,29.8833333
rw,colline kibari,03,-2.6333333,29.0
rw,colline kibazi,03,-2.4833333,29.0666667
rw,colline kibinja,01,-2.3666667,29.7833333
rw,colline kiboga,02,-1.3833333,30.3
rw,colline kibungu,09,-2.1,30.0333333
rw,colline kidaho,10,-1.37,29.7425
rw,colline kigali,01,-2.3,29.95
rw,colline kiganda,10,-1.5694444,29.6755556
rw,colline kigarama,04,-2.2833333,29.5666667
rw,colline kigarama,09,-1.95,30.15
rw,colline kigasa,10,-1.5333333,29.5666667
rw,colline kigembe,01,-2.735,29.695
rw,colline kigeyo,05,-1.8166667,29.3
rw,colline kikunyu,02,-1.1,30.3666667
rw,colline kilambi,02,-1.5666667,30.15
rw,colline kilarambogo,01,-2.6166667,29.9
rw,colline kimbwebwe,02,-1.1,30.4
rw,colline kimironko,09,-1.75,30.3333333
rw,colline kimiryi,02,-1.6333333,29.9833333
rw,colline kinanira,05,-1.7666667,29.55
rw,colline kindonye,09,-2.2,30.1166667
rw,colline kinigi,05,-1.7166667,29.3
rw,colline kinigi,10,-1.45,29.5666667
rw,colline kinihira,05,-1.6666667,29.5
rw,colline kinihira,10,-1.55,29.7833333
rw,colline kinogo,05,-1.5666667,29.35
rw,colline kintarure,05,-1.7166667,29.6166667
rw,colline kinyababa,10,-1.3833333,29.8
rw,colline kinyambo,02,-1.4333333,30.2
rw,colline kinyanja,06,-2.2333333,29.6166667
rw,colline kinyantozi,05,-1.8333333,29.3833333
rw,colline kinyoma,10,-1.65,29.8166667
rw,colline kinyoni,01,-2.3166667,29.8333333
rw,colline kinzuzi,09,-1.75,30.0166667
rw,colline kiraga,05,-1.7333333,29.3
rw,colline kirambo,03,-2.3116667,29.1363889
rw,colline kirambo,09,-1.7,29.8833333
rw,colline kiranga,03,-2.6333333,28.9166667
rw,colline kiraro,10,-1.7166667,29.6333333
rw,colline kirengo,05,-1.95,29.6
rw,colline kiryi,10,-1.5333333,29.65
rw,colline kisigiro,09,-1.75,30.0333333
rw,colline kisunzu,03,-2.5333333,28.9333333
rw,colline kiterwe,02,-1.6333333,30.25
rw,colline kivuba,09,-1.7,30.3
rw,colline kivu,04,-2.6166667,29.4666667
rw,colline kivumu,10,-1.6,29.8666667
rw,colline kiyanza,09,-1.75,30.0666667
rw,colline kiyonza,01,-2.7333333,29.7
rw,colline kiziguru,05,-1.8,29.65
rw,colline kizirakome,02,-1.4333333,30.4
rw,colline kukabira,09,-1.7333333,30.1833333
rw,colline kukana,09,-2.4,30.1333333
rw,colline kulisha,09,-1.8333333,30.0833333
rw,colline kumutaka,08,-1.8833333,29.4666667
rw,colline kununya,05,-1.75,29.4333333
rw,colline kuwingugu,01,-2.6,29.4333333
rw,colline kuwinkingi,04,-2.4666667,29.4666667
rw,colline kyiombe,02,-1.4444444,30.0886111
rw,colline kyiri,02,-1.6833333,29.9
rw,colline linganwe,01,-2.6833333,29.7833333
rw,colline lubirizi,02,-1.2644444,30.23
rw,colline luhigiro,05,-1.6166667,29.4
rw,colline luhunga,05,-1.8666667,29.6333333
rw,colline lutendele,02,-1.5833333,30.35
rw,colline mabare,02,-1.45,30.1
rw,colline mabuye,09,-2.3833333,30.15
rw,colline macuba,03,-2.3,29.2
rw,colline magi,01,-2.7333333,29.8333333
rw,colline magina,09,-2.2666667,30.2166667
rw,colline mahoko,05,-1.7,29.3333333
rw,colline mahumbe,05,-1.8833333,29.5166667
rw,colline maliba,01,-2.6666667,29.6333333
rw,colline mamfu,09,-1.7333333,30.3
rw,colline marabuy,05,-1.8833333,29.35
rw,colline mararo,10,-1.55,29.55
rw,colline mareba,06,-2.2666667,29.85
rw,colline masha,05,-1.5833333,29.3333333
rw,colline maso,04,-2.2833333,29.5166667
rw,colline masoro,09,-1.8333333,30.05
rw,colline matara,01,-2.3333333,29.9166667
rw,colline maya,10,-1.4333333,29.6833333
rw,colline mayange,09,-2.2113889,30.1172222
rw,colline mayobe,06,-2.2166667,29.5666667
rw,colline mbazi,01,-2.5258333,29.7316667
rw,colline mbuye,05,-1.85,29.65
rw,colline mbuye,06,-2.2333333,29.65
rw,colline mibuba,09,-2.3666667,30.15
rw,colline mikingo,05,-1.9,29.6
rw,colline mitshiniro,05,-1.6,29.3833333
rw,colline mizingo,05,-1.6333333,29.4333333
rw,colline mpage,03,-2.3833333,29.15
rw,colline mpanga,06,-2.3,29.7333333
rw,colline mpanga,09,-2.0,30.0333333
rw,colline mpare,06,-2.1166667,29.6833333
rw,colline mpira,09,-2.2666667,30.1833333
rw,colline mubori,03,-2.5166667,29.0166667
rw,colline mubumbano,01,-2.6666667,29.7333333
rw,colline mubumbano,03,-2.35,29.1
rw,colline mudende,05,-1.6166667,29.3833333
rw,colline mufumba,05,-1.6166667,29.3166667
rw,colline mugakindu,02,-1.1833333,30.3
rw,colline mugamba,10,-1.5833333,29.7833333
rw,colline mugano,05,-1.8333333,29.6166667
rw,colline mugejuru,04,-2.3666667,29.4666667
rw,colline mugera,02,-1.6166667,30.2666667
rw,colline mugomba,03,-2.3333333,29.2666667
rw,colline mugunga,06,-1.8166667,29.75
rw,colline muhanda,05,-1.8,29.5166667
rw,colline muhari,03,-2.4666667,28.9
rw,colline muhehwe,03,-2.6333333,28.9666667
rw,colline muhero,01,-2.4,29.9333333
rw,colline muhingu,02,-1.5166667,30.2833333
rw,colline muhororo,10,-1.5166667,29.7166667
rw,colline muhoza,06,-2.25,29.65
rw,colline muhura,02,-1.7344444,30.2708333
rw,colline mukalange,02,-1.5280556,30.0786111
rw,colline muko,03,-2.4333333,29.05
rw,colline mukoma,03,-2.35,29.0166667
rw,colline mukoni,04,-2.5166667,29.5666667
rw,colline mukuyu,09,-1.8833333,30.1833333
rw,colline mulemule,05,-1.7166667,29.5333333
rw,colline mulinja,09,-2.05,30.1166667
rw,colline mumatyazo,02,-1.6833333,30.15
rw,colline munini,02,-1.5333333,30.0666667
rw,colline munini,04,-2.7,29.5166667
rw,colline munsheke,02,-1.2833333,30.3666667
rw,colline munyinya,03,-2.5666667,28.95
rw,colline munyove,03,-2.4666667,28.9333333
rw,colline murama,01,-2.7166667,29.7
rw,colline muramba,03,-2.2833333,29.1666667
rw,colline muramba,05,-1.8666667,29.5333333
rw,colline muramba,10,-1.6,29.6833333
rw,colline murambi,02,-1.55,30.2333333
rw,colline murambi,05,-1.7333333,29.55
rw,colline murambi,09,-1.9833333,30.0833333
rw,colline murandi,10,-1.55,29.7333333
rw,colline murangi,03,-2.5,28.9166667
rw,colline murara,09,-2.35,30.1666667
rw,colline muraza,03,-2.3,29.15
rw,colline murehe,03,-2.5666667,28.9166667
rw,colline murito,03,-2.3833333,28.9833333
rw,colline murore,02,-1.5,30.0166667
rw,colline murunda,05,-1.9,29.3666667
rw,colline mururu,03,-2.5166667,28.8666667
rw,colline muryorera,02,-1.5,29.9666667
rw,colline musama,10,-1.3833333,29.85
rw,colline musange,04,-2.2658333,29.5552778
rw,colline musebeya,10,-1.5833333,29.6833333
rw,colline muse,04,-2.5,29.5166667
rw,colline musenyi,02,-1.7030556,30.1094444
rw,colline musheri,02,-1.1333333,30.3833333
rw,colline mushirarungu,01,-2.35,29.7166667
rw,colline mushongi,02,-1.65,29.9
rw,colline musoro,03,-2.45,28.9666667
rw,colline musumba,06,-2.1166667,29.8166667
rw,colline musumule,09,-2.25,30.1833333
rw,colline mutambiko,09,-1.75,30.1833333
rw,colline mutamo,05,-1.6666667,29.4833333
rw,colline mutara,02,-1.6333333,29.95
rw,colline mutego,10,-1.7333333,29.65
rw,colline mutende,01,-2.3166667,29.8
rw,colline muti,02,-1.6166667,30.2
rw,colline muti,05,-1.6208333,29.3044444
rw,colline mutima,01,-2.3833333,29.8833333
rw,colline mutimasi,03,-2.5397222,28.9402778
rw,colline mutongo,03,-2.2833333,29.2
rw,colline mutusa,03,-2.3833333,29.0833333
rw,colline muvumu,09,-1.85,29.9166667
rw,colline muyage,04,-2.4333333,29.6833333
rw,colline muyira,01,-2.3447222,29.8777778
rw,colline muzenga,01,-2.6333333,29.7666667
rw,colline mwanabili,06,-2.2666667,29.7666667
rw,colline mwegera,03,-2.6,29.0666667
rw,colline mwendo,09,-1.7166667,30.2
rw,colline mwendo,10,-1.6333333,29.7166667
rw,colline mwenya,02,-1.6333333,30.2166667
rw,colline mwijanda,01,-2.4833333,29.6666667
rw,colline mwishe,09,-1.8,30.0
rw,colline mwite,09,-1.7333333,30.0
rw,colline mwiviro,09,-1.7333333,30.2666667
rw,colline mwufe,05,-1.7794444,29.3083333
rw,colline mwumba,06,-2.25,29.5833333
rw,colline myariro,09,-2.3,30.1666667
rw,colline ndaganzwa,05,-1.9166667,29.6166667
rw,colline ndago,01,-2.4166667,29.8833333
rw,colline ndera,09,-1.9666667,30.1666667
rw,colline nemba,10,-1.55,29.85
rw,colline nengo,05,-1.7,29.2666667
rw,colline ngange,09,-1.7166667,30.2333333
rw,colline nganzo,10,-1.65,29.75
rw,colline ngeruka,09,-2.3,30.15
rw,colline ngiryi,09,-1.85,30.0833333
rw,colline ngoma,01,-2.5852778,29.7416667
rw,colline ngoma,05,-1.9,29.35
rw,colline ngoma,10,-1.55,29.8
rw,colline nkanda,01,-2.7833333,29.4833333
rw,colline nkanka,03,-2.4166667,28.9333333
rw,colline nkunzuzu,09,-1.8666667,30.1666667
rw,colline nkurubuye,03,-2.5166667,28.9666667
rw,colline nomba,06,-2.3,29.8166667
rw,colline ntarabana,09,-1.7833333,29.9166667
rw,colline ntebe,09,-2.0833333,30.3
rw,colline ntobwe,05,-1.9666667,29.6333333
rw,colline ntonde,09,-1.7666667,29.9333333
rw,colline nulambi,05,-1.9,29.3333333
rw,colline nyabichwamba,02,-1.6,30.25
rw,colline nyabihu,05,-1.7833333,29.5833333
rw,colline nyabishambi,02,-1.55,30.0666667
rw,colline nyabisindu,01,-2.35,29.6666667
rw,colline nyabiteke,03,-2.3333333,29.0333333
rw,colline nyabugando,02,-1.5333333,30.4166667
rw,colline nyagahinika,05,-1.8,29.3333333
rw,colline nyagahita,02,-1.5,30.2
rw,colline nyagasozi,10,-1.35,29.75
rw,colline nyagisozi,01,-2.7666667,29.6166667
rw,colline nyagitabire,02,-1.65,30.1833333
rw,colline nyakabanda,01,-2.7666667,29.6833333
rw,colline nyakabongo,09,-1.8,30.25
rw,colline nyakabu,06,-2.2666667,29.7
rw,colline nyakabumgo,06,-2.2166667,29.8666667
rw,colline nyakabungo,02,-1.6333333,30.15
rw,colline nyakabuye,03,-2.5694444,29.0280556
rw,colline nyakanyinya,03,-2.5166667,28.9333333
rw,colline nyakayogera,10,-1.5833333,29.8666667
rw,colline nyakibanda,01,-2.6333333,29.6833333
rw,colline nyakingandu,02,-1.4333333,30.3333333
rw,colline nyamagana,03,-2.5463889,28.8991667
rw,colline nyamikama,02,-1.5166667,30.25
rw,colline nyamikamba,02,-1.4,30.2166667
rw,colline nyamirembe,02,-1.65,30.35
rw,colline nyamugari,03,-2.4,29.0
rw,colline nyamweru,09,-1.95,30.0166667
rw,colline nyamyumba,05,-1.7397222,29.2933333
rw,colline nyanda,02,-1.6,30.05
rw,colline nyankenke,02,-1.6,30.0166667
rw,colline nyantomvu,03,-2.55,29.05
rw,colline nyanza,01,-2.5833333,29.7166667
rw,colline nyanza,09,-1.7833333,30.15
rw,colline nyarubungu,02,-1.5666667,30.25
rw,colline nyarugenge,09,-1.9402778,30.0652778
rw,colline nyarugina,10,-1.45,29.55
rw,colline nyarugumba,02,-1.5286111,30.4130556
rw,colline nyaruhengeri,01,-2.6827778,29.7741667
rw,colline nyarungu,10,-1.4833333,29.8166667
rw,colline nyarurama,06,-2.3166667,29.65
rw,colline nyarurama,09,-2.4333333,30.1666667
rw,colline nyarushishi,03,-2.5,28.95
rw,colline nyarutembe,10,-1.6,29.6166667
rw,colline nyaruteme,05,-1.6166667,29.3666667
rw,colline nyarutsi,04,-2.2833333,29.5833333
rw,colline nyenje,03,-2.65,28.9
rw,colline nyondo,05,-1.7166667,29.3166667
rw,colline nyonilima,10,-1.6166667,29.6666667
rw,colline nyunzwe,06,-2.15,29.65
rw,colline nzahaha,03,-2.6666667,28.9666667
rw,colline nzangwa,09,-2.3666667,30.25
rw,colline rango,03,-2.5833333,28.9166667
rw,colline rekisugi,02,-1.3,30.2333333
rw,colline remera,03,-2.3666667,29.1333333
rw,colline remera,09,-1.8,29.9833333
rw,colline rimwe,09,-1.8833333,29.95
rw,colline rongi,05,-1.9,29.65
rw,colline rubaka,10,-1.5666667,29.5333333
rw,colline rubaya,05,-1.6825,29.2969444
rw,colline rubeja,10,-1.7,29.6833333
rw,colline rubona,01,-2.3166667,29.9333333
rw,colline rubona,03,-2.3166667,29.25
rw,colline rubona,09,-1.7833333,29.8666667
rw,colline rubona,10,-1.5333333,29.8666667
rw,colline rubungo,09,-1.9458333,30.1261111
rw,colline rubungu,02,-1.4833333,30.35
rw,colline rudaga,03,-2.3333333,29.25
rw,colline rugamba,05,-1.8666667,29.3
rw,colline ruganda,03,-2.5038889,28.9166667
rw,colline rugaragara,03,-2.4,28.9333333
rw,colline rugaragara,09,-1.7,30.2166667
rw,colline rugarama,10,-1.4,29.7333333
rw,colline rugari,10,-1.5166667,29.85
rw,colline rugendabari,10,-1.6333333,29.5833333
rw,colline rugenge,09,-2.2833333,30.2166667
rw,colline rugera,10,-1.6333333,29.6166667
rw,colline rugogwe,02,-1.6666667,30.3
rw,colline rugoti,05,-1.9166667,29.3666667
rw,colline ruhanga,09,-1.9333333,30.25
rw,colline ruhanga,10,-1.4833333,29.8333333
rw,colline ruhanya,09,-1.7333333,29.9333333
rw,colline ruhara,05,-1.6,29.3
rw,colline ruhengeri,10,-1.4833333,29.6166667
rw,colline ruhinga,10,-1.6166667,29.75
rw,colline ruhoko,03,-2.6666667,28.95
rw,colline ruhurura,10,-1.4666667,29.85
rw,colline ruinihingo,02,-1.4,30.25
rw,colline rukira,01,-2.5833333,29.7
rw,colline rukoko,05,-1.65,29.2666667
rw,colline rukoma,10,-1.6166667,29.5166667
rw,colline rukona,10,-1.45,29.65
rw,colline rukondo,04,-2.3886111,29.6091667
rw,colline rukura,09,-1.6833333,29.8333333
rw,colline runyanga,06,-2.3166667,29.7
rw,colline runyinya,09,-1.8833333,30.3333333
rw,colline runyinya,10,-1.7333333,29.6833333
rw,colline rurama,03,-2.5133333,29.0166667
rw,colline rusasa,10,-1.6333333,29.6666667
rw,colline rusayo,10,-1.5666667,29.7333333
rw,colline rusebeya,10,-1.6333333,29.6833333
rw,colline rusekera,02,-1.5666667,29.95
rw,colline rusekera,05,-1.7166667,29.3833333
rw,colline rushari,10,-1.5666667,29.85
rw,colline rushashi,09,-1.7330556,29.8591667
rw,colline rushebeya,02,-1.4666667,30.1166667
rw,colline rusiga,09,-1.8166667,29.9166667
rw,colline rusingi,05,-1.8,29.5666667
rw,colline rusoro,10,-1.7166667,29.6666667
rw,colline rutamba,10,-1.4166667,29.7166667
rw,colline rutare,02,-1.2833333,30.3
rw,colline rutarure,05,-1.7666667,29.5833333
rw,colline rutonde,09,-1.9,29.9666667
rw,colline rutondwe,09,-1.8666667,29.95
rw,colline ruyange,10,-1.5,29.8166667
rw,colline ruyaraka,02,-1.35,30.3833333
rw,colline ruyenzi,01,-2.4333333,29.8333333
rw,colline ruyonga,03,-2.5666667,28.9333333
rw,colline rwabicuma,01,-2.35,29.7
rw,colline rwabidege,03,-2.4833333,29.05
rw,colline rwahi,03,-2.4333333,28.9333333
rw,colline rwamiko,03,-2.4897222,28.9508333
rw,colline rwamiko,09,-1.7666667,30.2
rw,colline rwani,09,-1.85,29.9333333
rw,colline rwankeri,10,-1.6,29.5333333
rw,colline rwankomo,05,-1.7,29.35
rw,colline rwankuba,09,-1.75,29.8666667
rw,colline rwegenya,02,-1.3333333,30.3
rw,colline rwimbogo,02,-1.6,30.3166667
rw,colline rwinkuba,03,-2.4833333,29.0166667
rw,colline rwoga,06,-2.2666667,29.7833333
rw,colline rwumba,03,-2.4333333,29.0666667
rw,colline ryandinzi,10,-1.5166667,29.75
rw,colline saga,01,-2.7,29.8666667
rw,colline sanga,01,-2.5333333,29.6333333
rw,colline sayo,02,-1.65,30.0
rw,colline shahara,01,-2.6666667,29.7666667
rw,colline shara,03,-2.6202778,29.0186111
rw,colline sheke,01,-2.4833333,29.7166667
rw,colline shenga,09,-1.85,30.2666667
rw,colline sholi,06,-2.3,29.7833333
rw,colline shuti,02,-1.3,30.3
rw,colline shyanda,01,-2.5419444,29.7927778
rw,colline shyorongi,09,-1.8544444,29.9625
rw,colline songa,10,-1.5833333,29.65
rw,colline tambwe,06,-2.2202778,29.7991667
rw,colline tanda,09,-1.7833333,30.25
rw,colline tovu,02,-1.3833333,30.1166667
rw,colline tshanzozo,02,-1.2336111,30.3008333
rw,colline tsheya,02,-1.6,30.1166667
rw,colline tshyugaro,09,-2.1166667,30.05
rw,colline tumba,02,-1.6944444,29.9483333
rw,colline umufu,04,-2.7166667,29.35
rw,colline winteko,03,-2.5333333,28.9
rw,colline yonde,04,-2.3,29.5166667
rw,colline zivu,01,-2.5555556,29.8008333
rw,cyamuhinda,09,-1.7077778,30.1955556
rw,cyangugu,03,-2.4833333,28.8966667
rw,cyeru,07,-1.9011111,30.5061111
rw,cyeru,10,-1.4880556,29.8130556
rw,cyesha,03,-2.3747222,29.0905556
rw,cyimbazi,09,-1.9511111,30.3641667
rw,cyimbogo,03,-2.5338889,28.8938889
rw,cyondo,02,-1.45,30.1166667
rw,cyumba,02,-1.5047222,30.0061111
rw,cyungo,02,-1.6230556,29.9541667
rw,gabegi,04,-2.5333333,29.3833333
rw,gacundura,10,-1.4855556,29.8491667
rw,gaharo,04,-2.6666667,29.4166667
rw,gahengele,09,-1.9666667,30.3333333
rw,gakoma,02,-1.4794444,30.1994444
rw,gasave,09,-1.9136111,30.0663889
rw,gaseke,05,-1.7655556,29.5497222
rw,gatare,03,-2.3047222,29.2088889
rw,gatete,02,-1.5166667,29.95
rw,gatonde,10,-1.6541667,29.6694444
rw,gatsibo,02,-1.5758333,30.2441667
rw,gaziza,10,-1.4338889,29.6483333
rw,ghasheshe,02,-1.3,30.2166667
rw,giciye,05,-1.7027778,29.5597222
rw,gikomero,09,-1.8552778,30.1494444
rw,gikongoro,04,-2.4688889,29.5675
rw,gikoro,09,-1.9305556,30.3313889
rw,gisaka,02,-1.6408333,30.3727778
rw,giseke,04,-2.5833333,29.5
rw,gishamvu,01,-2.6605556,29.6902778
rw,gishikiri,02,-1.5833333,30.1833333
rw,gishoma,03,-2.6163889,28.94
rw,gishyita,08,-2.1627778,29.3005556
rw,gisovu,08,-2.2547222,29.3369444
rw,gisuma,03,-2.4794444,28.9244444
rw,gitarama,06,-2.0744444,29.7566667
rw,gitesi,08,-2.0758333,29.3577778
rw,giti,02,-1.7491667,30.1877778
rw,gitoke,02,-1.6416667,30.3213889
rw,gitwa,05,-1.7008333,29.4175
rw,hubingo,09,-1.8566667,30.0080556
rw,huye,01,-2.5808333,29.7116667
rw,ilemera,04,-2.45,29.55
rw,jari,09,-1.8666667,30.0166667
rw,kabare,02,-1.5333333,30.1833333
rw,kabare,07,-1.8841667,30.4430556
rw,kabarondo,07,-2.0172222,30.5486111
rw,kabaya,05,-1.7502778,29.5458333
rw,kabutindi,10,-1.3975,29.7086111
rw,kabuye,09,-1.8744444,30.0475
rw,kacyiru,09,-1.9625,30.1055556
rw,kademero,10,-1.3922222,29.8297222
rw,kagano,03,-2.3433333,29.1033333
rw,kakoma,02,-1.4666667,30.2166667
rw,kalenda,02,-1.5833333,29.95
rw,kamembe,03,-2.4377778,28.9222222
rw,kamuzamuzi,05,-1.6266667,29.3430556
rw,kanyundo,02,-1.3716667,30.4611111
rw,karago,05,-1.6655556,29.5180556
rw,karama,02,-1.3944444,30.1533333
rw,karama,09,-1.9,30.1666667
rw,karambo,04,-2.3363889,29.5333333
rw,karehe,02,-1.6130556,30.2175
rw,karongo,02,-1.5516667,30.915
rw,karundi,09,-1.6980556,30.2288889
rw,karushya,09,-1.8155556,30.2311111
rw,kashango,02,-1.6811111,30.2705556
rw,kayenzi,02,-1.7033333,29.9336111
rw,kayenzi,06,-1.8986111,29.85
rw,kayonza,07,-1.9455556,30.5202778
rw,kayove,05,-1.8844444,29.3530556
rw,kibayi,01,-2.7322222,29.8555556
rw,kibilira,05,-1.9375,29.6213889
rw,kibungo,07,-2.1644444,30.5419444
rw,kibuye,08,-2.0555556,29.3497222
rw,kicukiro,09,-1.9769444,30.1058333
rw,kigale,09,-1.9536111,30.0605556
rw,kigarama,07,-2.0769444,30.5555556
rw,kigoma,06,-2.2575,29.7911111
rw,kigombe,10,-1.4833333,29.6477778
rw,kilimbi,03,-2.25,29.1833333
rw,kimisange,09,-1.9952778,30.0486111
rw,kinigi,10,-1.4466667,29.6166667
rw,kinyamakara,04,-2.4613889,29.6594444
rw,kinyami,02,-1.6486111,30.1327778
rw,kipuye,02,-1.4775,29.9311111
rw,kirwa,02,-1.6666667,29.9833333
rw,kisiguro,02,-1.7677778,30.3838889
rw,kivumu,08,-2.0466667,29.5969444
rw,kizinga,02,-1.4105556,30.0763889
rw,kugihembe,04,-2.4644444,29.5919444
rw,kumana,02,-1.8388889,30.4138889
rw,kurukara,01,-2.6419444,29.6538889
rw,kwibanda,09,-1.7688889,30.2336111
rw,leberu,09,-2.2,30.1
rw,lugarama,02,-1.0822222,30.4372222
rw,lugarama,07,-2.3269444,30.6125
rw,lugera,04,-2.8,29.4
rw,luhonge,03,-2.5166667,29.3166667
rw,lusitare,01,-2.4236111,29.7752778
rw,luvulu,04,-2.7691667,29.4552778
rw,mabanza,08,-2.0541667,29.4166667
rw,maraba,01,-2.515,29.6797222
rw,masaka,09,-1.9955556,30.1916667
rw,masango,06,-2.2294444,29.65
rw,masogwe,02,-1.6,29.9666667
rw,mayaga,06,-2.1,29.9833333
rw,mbogo,02,-1.7422222,30.4416667
rw,mbogo,09,-1.7644444,29.97
rw,mont kigali,09,-1.9638889,30.0383333
rw,mont mugusa,01,-2.5002778,29.8491667
rw,mont murama,02,-1.3327778,30.3213889
rw,mont murambi,02,-1.4,30.1
rw,mont muyumbu,02,-1.3711111,30.1583333
rw,mont mwulire,01,-2.5333333,29.75
rw,mont ndoma,02,-1.1719444,30.395
rw,mont neke,02,-1.5666667,30.2166667
rw,mont nyakisu,01,-2.7344444,29.6402778
rw,mont nyamisangi,02,-1.1166667,30.3833333
rw,mont nyamiyaga,02,-1.6666667,30.1333333
rw,mont nyangara,02,-1.4166667,30.15
rw,mont nyaruwanga,02,-1.2666667,30.3833333
rw,mont nzega,04,-2.4833333,29.5666667
rw,mont rubona,10,-1.55,29.8833333
rw,mont ruhanga,09,-1.75,29.9166667
rw,mont rutoma,02,-1.4333333,30.3166667
rw,mont shololo,04,-2.75,29.5
rw,mont shori,01,-2.65,29.7166667
rw,mubuga,04,-2.6875,29.5586111
rw,mudasomwa,04,-2.5172222,29.4827778
rw,mugambazi,09,-1.7863889,30.0480556
rw,muganza,01,-2.6694444,29.8472222
rw,mugesera,07,-2.1288889,30.4158333
rw,mugina,06,-2.1027778,29.9525
rw,muhambo,02,-1.4436111,30.1686111
rw,muhazi,07,-1.9019444,30.4113889
rw,muhorora,10,-1.5666667,29.7
rw,mukingi,06,-2.16,29.7288889
rw,mukingo,10,-1.5369444,29.5633333
rw,muko,04,-2.3602778,29.4441667
rw,mukuyu,09,-1.7825,30.2180556
rw,mulamoi,02,-1.7402778,30.3919444
rw,mulindi,02,-1.4863889,30.0363889
rw,murama,06,-2.2686111,29.7041667
rw,murambi,09,-1.8133333,30.0444444
rw,murubaya,02,-1.4733333,29.9916667
rw,musambila,06,-2.045,29.8419444
rw,musasa,09,-1.8002778,29.8394444
rw,musave,09,-1.9133333,30.1725
rw,musebeya,04,-2.4133333,29.4455556
rw,musezero,09,-1.9236111,30.0691667
rw,mushubati,06,-2.0588889,29.7275
rw,mutura,05,-1.5988889,29.3822222
rw,muture,02,-1.4802778,30.0241667
rw,muyaga,01,-2.4647222,29.9233333
rw,muyumbu,09,-1.9738889,30.255
rw,mwendo,08,-2.1855556,29.5119444
rw,mweru,10,-1.4058333,29.7369444
rw,ndiza,06,-1.8777778,29.7530556
rw,ndora,01,-2.6033333,29.8336111
rw,ndusu,10,-1.6975,29.6705556
rw,ngando,05,-1.5847222,29.4125
rw,ngenda,09,-2.305,30.0494444
rw,nguba,09,-1.8561111,30.1122222
rw,nkamba,02,-1.4536111,30.09
rw,nkana,02,-1.4,30.12
rw,nkuli,10,-1.5919444,29.5263889
rw,nkumba,10,-1.4405556,29.7094444
rw,nshili,04,-2.7516667,29.4925
rw,ntogwe,06,-2.2225,29.8594444
rw,ntyazo,01,-2.4294444,29.8830556
rw,nyabikenke,06,-1.8947222,29.7525
rw,nyabisindu,02,-1.8297222,30.3838889
rw,nyabisindu,04,-2.3580556,29.7386111
rw,nyacyonga,09,-1.8641667,30.0866667
rw,nyagatare,02,-1.2983333,30.3219444
rw,nyagatugunda,02,-1.7977778,30.1752778
rw,nyakabanda,06,-1.8402778,29.6869444
rw,nyakabungo,09,-1.8980556,30.2325
rw,nyakesha,02,-1.4386111,30.0011111
rw,nyakibande,09,-1.8011111,30.0355556
rw,nyakinama,10,-1.5727778,29.6416667
rw,nyamabuye,06,-2.0680556,29.7661111
rw,nyamabuye,09,-1.9372222,30.0361111
rw,nyamagabe,04,-2.4591667,29.5647222
rw,nyamengo,02,-1.6152778,30.315
rw,nyamigogo,10,-1.4075,29.6816667
rw,nyamugali,09,-1.9252778,30.0444444
rw,nyamugali,10,-1.5711111,29.8702778
rw,nyamutera,10,-1.6208333,29.6316667
rw,nyange,02,-1.4822222,30.0691667
rw,nyarubuye,07,-1.8844444,30.3730556
rw,nyarugali,07,-1.9236111,30.4008333
rw,nyarutovu,10,-1.6455556,29.7708333
rw,nyaruvumu,02,-1.6036111,30.08
rw,nyundo,02,-1.6963889,30.0269444
rw,ramba,05,-1.8736111,29.5425
rw,rugarama,05,-1.5741667,29.3525
rw,rugarama,09,-1.7983333,30.29
rw,rugende,09,-1.9511111,30.2422222
rw,rugendo,07,-2.2022222,30.2833333
rw,ruharabuge,09,-1.9641667,30.0175
rw,ruhashya,01,-2.4725,29.7311111
rw,ruhondo,10,-1.5291667,29.7244444
rw,rukara,07,-1.7986111,30.5005556
rw,rukira,07,-2.1533333,30.6113889
rw,rukomo,02,-1.3361111,30.2708333
rw,rukoro,10,-1.5666667,29.6333333
rw,runda,06,-1.9705556,29.9544444
rw,runyinya,01,-2.6422222,29.6075
rw,rusororo,09,-1.9738889,30.2230556
rw,rusumo,07,-2.2730556,30.7091667
rw,rutobwe,06,-1.9863889,29.7952778
rw,rutonde,07,-1.9613889,30.4377778
rw,rutongo,09,-1.8616667,30.0383333
rw,rutsiro,08,-1.96,29.3894444
rw,ruwiri,05,-1.8136111,29.4925
rw,rwamagana,07,-1.9525,30.4377778
rw,rwamatamu,08,-2.1955556,29.2413889
rw,rwamiko,04,-2.5916667,29.5005556
rw,rwarenga,09,-1.7333333,30.3369444
rw,rwasama,02,-1.5872222,30.0744444
rw,rwasama,09,-1.7397222,30.3033333
rw,rwempasha,02,-1.2125,30.2986111
rw,rwenjara,02,-1.3930556,30.5136111
rw,rwerere,05,-1.6075,29.3311111
rw,rwimitereri,02,-1.8166667,30.3472222
rw,rwinkwavu,07,-1.9591667,30.6147222
rw,sake,07,-2.2105556,30.3747222
rw,satinsyi,05,-1.8113889,29.6280556
rw,shangasha,02,-1.5272222,30.0708333
rw,shango,09,-1.8505556,30.1338889
rw,sha,09,-1.8305556,30.105
rw,shonga,02,-1.32,30.1791667
rw,tabagwe,02,-1.2858333,30.2066667
rw,taba,06,-1.9463889,29.8988889
rw,tandalukara,10,-1.55,29.8666667
rw,tare,09,-1.7155556,29.9144444
rw,umwige,07,-1.8405556,30.4841667
